{"target_mu": 7.800595608020065, "target_std": 1.0340858562601172}